Year,gdp1820,12571830,13761840,15881850,18061860,21781870,25941880,33021890,36131900,46301910,52221920,61741930,57491940,96611950,105561960,131581970,167451980,204101990,247712000,26842