Year,Total,Population,gdp,Africa,Argentina,Australia,Austria,Belgium,Belize,Bolivia,Brazil,Bulgaria,Canada,Caribbean,Chile,China,Colombia,CostaRica,Cuba,Czechoslovakia,Denmark,Dominican Republic,Ecuador,Egypt,El Salvador,Ethiopia,Finland,France,Germany,Greece,Guatemala,Guyana,Haiti,Honduras,HongKong,Hungary,India,Iran,Ireland,Israel,Italy,Jamaica,Japan,Jordan,Korea,Liberia,Mexico,Morocco,Netherlands,NewZealand,Nicaragua,Norway,NotSpecified,Other Africa,Other America,Other Asia,Other Caribbean,Other Central America,Other Europe,Other Oceania,Other South America,Panama,Paraguay,Peru,Philippines,Poland,Portugal,Romania,Russia,South Africa,Spain,Suriname,Sweden,Switzerland,Syria,Taiwan,Turkey,Uruguay,Venezuela,Vietnam,Yugoslavia1820,105155,11440200,1257,19,,2,,28,,,,,2297,3061,,3,,,,,173,,,,,,,7694,5753,17,,,,,,,9,,51617,,430,,,,,1,3835,,1105,,,,19173,18,1,3,3061,57,3,,405,,,,,19,252,,86,,2866,,,3148,,,19,,,,1830,474740,15124600,1376,66,,1,,20,,,,,11875,11792,,8,,,,,927,,,,,,,39330,124726,49,,,,,,,38,,170672,,2225,,,,,8,7187,4,1377,,,,83495,54,6,1,11792,94,40,,957,,,,,366,896,,280,,2016,,,4430,,,8,,,,1840,1208246,20196600,1588,67,,2,,3996,,,,,34285,11803,,32,,,,,671,,,,,,,75300,385434,17,,,,,,,33,7,656145,,1476,,,,,5,3069,1,7624,,,,7196,61,11,4,11803,297,79,1,1062,,,,,105,359,,520,,1917,,,4819,,,45,,,,1850,2359581,27305600,1806,104,,104,,5765,,,,,64171,12447,,35933,,,,,3227,,,5,,,,81778,976072,32,,,,,,,42,,1029486,,8643,,,,,7,3446,,11122,2,,,71442,92,56,11,12447,512,14,4,3569,,,,,1087,4218,,423,,8803,,,24423,,,94,,,,1860,1474443,35611900,2178,458,7,96,2700,5785,9,,32,,117975,8809,25,54028,2,2,3420,,13553,,,8,,,3,35938,723734,51,1,41,78,,,483,50,4,427419,,9853,61,138,,,43,1957,,8387,6,,,15472,328,80,57,5250,58,10,5,1358,,,35,,1886,4741,,1667,79,6970,,,21124,2,,129,,36,,1870,2178723,44748000,2594,441,58,8933,54529,6991,26,5,219,,323974,14592,92,133139,196,4,8705,,29278,,7,29,3,,286,71901,751769,209,10,95,149,11,,5598,166,17,422264,,46296,257,193,,,52,5133,15,14267,39,1,88644,592,297,879,163,5481,147,626,122,96,,2,127,4,11016,13990,,34977,48,5571,,90179,25212,7,,382,22,190,,1880,4466036,56237300,3302,768,64,7250,204805,18738,80,,199,,492508,27600,44,65797,1210,1,20134,,85342,,14,145,,,9617,48193,1445181,1807,3,68,124,4,,109982,247,18,674061,,267660,355,1583,,,21,2405,12,52715,21,1,185111,778,567,5019,888,6987,270,1070,70,78,,,25,1,42910,15189,5842,173081,23,3999,,401330,81151,140,,2478,4,248,,1890,3335361,69196300,3613,432,36,3098,268218,19642,25,,92,52,2668,31885,66,15268,607,4,23669,,56671,,33,51,7,,36719,35616,579072,12732,9,27,101,4,,203350,102,26,405710,,603761,223,13998,,,9,734,9,29349,12,3,96810,14112,354,1406,4381,7892,622,145,169,305,,,79,19,107793,25874,6808,413382,9,9189,,237248,37020,,,27510,144,,,1900,7056763,83433500,4630,6326,,11191,532416,37429,583,,,34651,123067,100960,,19884,,,,,61227,,,,,,,67735,328722,145402,,,,,,685567,3026,,344940,,1930475,,139712,,,,31188,,42463,,,182542,33493,6326,73,9215,100960,6758,514,486,15253,,,,605,,65154,57322,1501301,,24818,,244439,32541,,,127999,,,,1910,6105229,99736800,5222,8867,,11280,589174,32574,40,,,27180,708715,120860,,20916,,,,,45830,,,,,,,60335,174227,198108,,,,,,565553,3478,,166445,,1229916,,77125,,,,185334,,46065,,,79488,488,8867,,7500,120860,15652,6527,1059,39938,,,,,,82489,13566,1106998,,53262,,112957,22839,,,160717,,,,1920,4042592,115013300,6174,6362,,8404,31392,21511,285,,4627,2824,949286,83482,,30648,,,12769,101182,34406,,,1063,,,16922,54842,386634,60774,,,,,,29499,2076,208,201644,,528133,,42057,,,,498945,,29397,935,,70327,930,5299,29,6070,70713,16226,21330,521,38398,,,,,224420,44829,67810,61604,,47109,,100002,31772,5307,,40374,,,,492151930,657734,127491400,5749,2120,1397,2260,6678,4013,193,77,1468,1062,162703,18052,568,5874,1278,580,10641,17757,3470,1165,320,781,712,10,2438,13761,117736,10599,632,193,207,809,,7224,554,198,28195,,85053,,2683,,,35,32709,110,7791,790,564,6901,,872,25,6024,6039,1576,9068,190,2647,1774,36,460,457,26460,3518,5264,2473,312,3669,33,6551,5990,2188,,1314,153,1360,,69201940,777819,140222900,9661,6720,3108,11201,8496,12473,433,893,3653,449,160911,46285,1320,16072,3454,1965,25976,8475,4549,4802,2207,1613,4885,28,2230,36954,119403,8605,1303,596,823,1874,,5181,1692,1144,15701,98,50509,,1557,3,83,37,56158,1463,13877,2351,4393,8326,135,2557,25284,7851,14684,,5387,710,7,5282,85,1273,4099,7774,6765,1254,605,1022,2774,130,9000,9904,1179,,754,754,2182,,20391950,2432444,164744200,10556,13016,16346,8275,81354,18885,1133,2759,11547,97,353169,115869,4669,8836,15567,4044,73221,1624,10918,10219,8574,1996,5094,302,4923,50113,576905,45153,4197,1131,3787,5320,13781,31661,1922,3195,47189,21376,189061,7397,41968,4919,4845,289,273847,3293,46703,1799,7812,22813,12472,4858,60140,12675,21245,,7231,1245,17,12601,576,5980,17245,6498,13928,914,453,2278,6880,299,21418,17577,1091,721,2980,1026,9927,290,69661960,3445168,192498900,13158,23780,49384,14986,17571,9647,4185,6205,29238,598,433128,427843,12384,14060,68371,17975,202030,2758,9797,83552,34107,5581,14405,804,4310,46975,209616,74173,14357,4546,28992,15087,67047,10019,18638,9059,37788,30911,200111,62218,40956,9230,27048,841,441824,2880,37918,3775,10383,17371,119,9314,22076,40452,51051,,6814,4898,28,22177,1249,19783,70660,55773,70568,2339,2329,4360,40793,612,18779,19193,2432,15657,9464,4089,20758,2949,179901970,4895033,215025900,16745,71405,30303,18708,14239,5413,6747,5635,18600,1011,179267,708643,15032,17627,71265,12405,256497,5654,4405,139249,47464,23543,29428,2588,2829,27018,77142,102370,23837,38278,55166,15653,117350,6148,148018,33763,11461,36306,150031,130226,52812,25541,241192,2391,621218,1967,10373,5018,10911,3927,326,30914,603,171025,127505,,5242,16257,18,21395,1486,25311,337726,33699,104754,10774,28132,10002,41718,714,6371,8536,8086,83155,12209,8416,11007,121716,318621980,7022065,237481900,20410,141987,23442,16901,15374,7028,14964,9798,22944,1124,156313,789343,19749,170897,105494,25017,132552,5678,4847,221552,48015,26744,137418,12927,2569,32894,85752,37729,58847,85886,121406,39071,112132,5063,231649,98141,22210,43669,55562,193874,44150,28928,322708,6420,1009586,3471,11234,6129,31102,3835,305406,76920,83,483601,119959,,3447,18402,2,32957,3518,49958,502056,63483,42685,24753,33311,15505,22783,1357,10106,8316,14534,119051,19208,7235,22405,200632,162671990,10969740,264875600,24771,346410,30065,24288,18234,7077,12600,18111,50744,16948,194788,1004114,18200,342058,137985,17054,159037,8970,6189,359818,81358,44604,273017,40097,3970,36552,92207,25403,126043,74407,177446,72880,116894,9295,352528,76899,65384,41340,75992,177143,66582,42755,179770,13587,2757418,15768,13345,8600,80446,5211,25928,210390,37,637116,130670,,29087,23912,  ,28149,6082,110117,534338,172249,25497,48136,433427,21964,18443,2285,12614,11768,22906,132647,38687,6062,35180,275379,570392000,11940542,294411100,26842,759734,47955,32728,21151,8157,9682,21921,115404,40003,236349,1053357,19792,591711,236570,21571,271742,18691,6049,291492,107977,81564,251237,87207,3970,45637,122373,16841,156992,70373,203827,63513,57583,12778,590464,76755,15642,54081,28329,172523,84552,53550,209758,23316,1704166,40844,17351,12495,70015,4599,211930,494582,19,745444,113773,,290871,20570,2,18120,4623,137614,545463,117921,11479,52154,167152,32221,17695,2363,14783,12173,30807,92657,48394,9827,82087,289616,131831